country,values
France,1.6015587558139532
Denmark,1.786022963636364
Germany,1.9738053624999996
Italy,2.145072114583333
United States,2.661142160929848
China,2.406170902735563
India,1.729204564214046
